Field,Value
Title,Portable USB Handheld Garment Steamer for Clothes Travel Wrinkle Remover
Custom label (SKU),CJYD245844002BY
Category ID,79656
Category,Household Steam Cleaners
Condition,New
Brand,Unbranded
Price USD,29.99
Best Offer floor USD,28.49
Handling days,5
Shipping charge USD,0.00
Description,"Compact USB handheld garment steamer for clothing touch-ups at home or while traveling. Two heat settings, mechanical operation and a compact 250 g format. Package includes one handheld garment steamer. Always follow garment care instructions and test delicate fabrics in a hidden area first."
Supplier product,https://cjdropshipping.com/product/usb-handheld-garment-steamer-household-portable-electric-iron-small-fabulous-clothes-ironing-equipment-p-2508160953561608400.html
Item specific: Type,Handheld
Item specific: Suitable For,Garment
Item specific: Power Type,USB
Item specific: Material,Plastic
Item specific: Color,Cream Yellow
Item specific: Country of Origin,China
Item specific: Voltage,36 V or less
Item specific: Capacity,Less than 0.8 L
